"1","1","9","7","2017-01-10 01:00:00"
"2","2","8","3","2017-02-10 00:00:00"
"3","3","7","5","2017-03-10 00:00:00"
"4","4","7","6","2017-04-10 00:00:00"
"5","5","6","2","2017-05-10 00:00:00"
"6","5","5","8","2017-06-10 00:00:00"
"7","6","5","7","2017-07-10 00:00:00"
"8","7","4","7","2017-08-10 00:00:00"
"9","8","3","9","2017-09-10 00:00:00"
"10","9","2","4","2017-01-01 00:00:00"
"11","10","1","11","2017-01-10 00:00:00"
"12","11","5","4","2017-02-10 00:00:00"
"13","12","7","1","2017-03-10 00:00:00"
"14","5","4","5","2017-04-10 00:00:00"
"15","1","10","3","2017-05-10 00:00:00"
